{"cameraMode":{"drawMode":0,"name":"Shaded","section":"Shading Mode"},"sceneLighting":true,"audioPlay":false,"sceneViewState":{"showFog":true,"showMaterialUpdate":false,"showSkybox":true,"showFlares":true,"showImageEffects":true,"showParticleSystems":true},"in2DMode":false,"pivot":{"x":0.9980844259262085,"y":1.6574790477752686,"z":-2.6750121116638185},"rotation":{"x":-0.03223384544253349,"y":0.7437610626220703,"z":-0.035959213972091678,"w":-0.6667163968086243},"size":3.1990907192230226,"orthographic":false}