{"cameraMode":{"drawMode":0,"name":"Shaded","section":"Shading Mode"},"sceneLighting":true,"audioPlay":false,"sceneViewState":{"showFog":true,"showMaterialUpdate":false,"showSkybox":true,"showFlares":true,"showImageEffects":true,"showParticleSystems":true},"in2DMode":false,"pivot":{"x":-5.510876178741455,"y":-0.17982342839241029,"z":-3.8601341247558595},"rotation":{"x":0.06772661209106446,"y":-0.7993938326835632,"z":0.09177908301353455,"w":0.5899031162261963},"size":8.740837097167969,"orthographic":false}