{"cameraMode":{"drawMode":0,"name":"Shaded","section":"Shading Mode"},"sceneLighting":true,"audioPlay":false,"sceneViewState":{"showFog":true,"showMaterialUpdate":false,"showSkybox":true,"showFlares":true,"showImageEffects":true,"showParticleSystems":true},"in2DMode":false,"pivot":{"x":1.653686761856079,"y":0.34287229180336,"z":-4.349335193634033},"rotation":{"x":0.11238285899162293,"y":-0.6968795657157898,"z":0.11196722090244293,"w":0.6994460225105286},"size":11.476790428161621,"orthographic":false}